STUDY,n,mean_ARR_preRTX,SD.1,mean_ARR_postRTX,SD.2
"Albassam et al., 2020",12,3.05,1.95,0.48,0.54
"Armangue et al., 2020",8,0.9325,0.550733277,0.125,0.353553391
"Hacohen et al., 2018",9,2.12,2.09907387,0.67,0.758470684
"Mao et al., 2019",7,3.071428571,2.802560904,0.157142857,0.41576092
"Narayan et al., 2019",2,0.75,0.353553391,0,0
"Whittam et al., 2020",30,1.773333333,1.620405101,0.496666667,0.840210053
"Chen et al., 2020",7,1.275,1.220414201,1.986666667,1.886094675